variant,MCF10A score,CADD,SNAP2,PolyPhen,SIFT,Cum_score,ground truth
K6E,0.3311,26.6,67,0.155,0.99,1.623520219,
K6I,0.4544,27.3,64,0.244,1,1.888279171,
R15S,0.387,25,65,0.123,1,2.581100784,1
M35V,0.3606,25,44,0.914,1,4.783403086,1
P38H,0.3521,26.1,44,1,1,3.08033146,
G44D,0.6232,26,65,0.968,1,-0.216137223,1
A79T,0.5711,23,-95,0.005,0.41,0.610590006,
D92N,0.2677,28.8,90,1,1,0.091201798,
H93Q,0.3301,26.1,77,1,1,-0.03027781,0
H93R,0.393,27,83,0.998,0.97,3.108621337,0
I101F,0.8803,26,6,0.998,1,2.380877332,
I101T,0.7138,29,44,0.998,1,-0.240901288,
N117S,0.4916,21,-92,0.096,0.27,1.32074253,
H123Q,0.9934,25,82,0.998,0.98,4.544401444,1
H123Y,0.6383,25,80,0.996,1,4.895642909,1
C124S,0.8797,27.3,83,1,1,4.451413313,1
C124R,0.6986,28,98,0.999,1,1.027466629,1
A126D,0.5325,28.2,76,1,1,2.233006121,
G127R,0.9753,29,91,1,1,1.477588499,1
G129R,0.8214,29,92,1,1,5.409763516,1
G129E,0.8841,32,95,1,1,3.153431338,1
R130Q,0.5361,34,96,0.998,0.98,2.04016411,1
R130P,0.9134,34,93,0.999,1,3.098140476,1
R130L,0.4728,34,92,0.999,1,1.91132903,1
T131I,0.4788,26,80,0.999,0.98,3.361888951,1
G132D,0.6304,31,92,1,0.97,1.439347097,1
V133I,1.027,24.7,-13,0.997,0.97,1.711118421,
M134I,0.6386,27,-15,0.977,1,0.073569185,1
I135V,0.379,23,-72,0.987,0.72,0.304426787,1
Y138L,0.5535,,44,0.999,1,-0.454450344,
R142W,0.5259,32,66,0.995,0.99,2.26881194,
Y155C,0.5901,33,22,0.999,1,0.330359334,1
T167N,0.5664,26,45,0.955,1,2.309708253,1
Q171E,0.3313,25.1,45,0.956,0.99,1.338165727,
R173H,0.2672,34,54,0.966,0.97,1.291488163,1
Y176C,0.5603,23,-47,0,0.81,-0.336044756,
Y180H,0.1171,23,-78,0,0.47,0.242332029,0
M198I,0.1821,22,-85,0.001,0,0.382340099,0
N228S,0.1243,18,-78,0.007,0.26,0.087481652,0
T232A,0.4495,23,-10,0.019,0.83,1.62165261,
P246L,0.6162,22,35,0.116,0.94,0.208004646,1
N262S,0.1021,23,-63,0.007,0.79,-0.225343297,0
D268E,0.108,18,-89,0.007,0,0.929151061,0
D326N,0.7214,30,74,1,0,1.908295205,
K342N,1.072,33,62,0.979,0.96,-0.091060946,
P354Q,0.1768,22,-52,0.238,0.91,1.012025793,0
T382S,0.6353,22.9,-40,,0.132,,