variant,stability,MCF10A score,ground_truth
T382S,0.012312111,0.6353,0
I101T,0.06903906,0.7138,0
Y155C,0.233436367,0.5901,0
R173H,0.298884733,0.2672,
P246L,0.31241177,0.6162,
G129R,0.409884267,0.8214,
D326N,0.481578133,0.7214,
H93Q,0.489110767,0.3301,
C124R,0.6087077,0.6986,
K6E,0.6575556,0.3311,
Q171E,0.695034867,0.3313,
G132D,0.6835968,0.6304,
H123Y,0.7102565,0.6383,
M134I,0.7348184,0.6386,
V133I,0.74391,1.027,
I101F,0.764422367,0.8803,
T131I,0.7669228,0.4788,
H123Q,0.768604967,0.9934,
T167N,0.777752567,0.5664,
H93R,0.7905625,0.393,
G127R,0.795975633,0.9753,
A79T,0.8153973,0.5711,
N262S,0.8187418,0.1021,
R142W,0.830341733,0.5259,
P38H,0.856280967,0.3521,
D268E,0.866461567,0.108,
R130Q,0.8923074,0.5361,
K6I,0.929348933,0.4544,
Y138L,0.9554397,0.5535,
T232A,1.022802667,0.4495,1
D92N,1.1239241,0.2677,1
C124S,0.9618918,0.8797,1
G129E,0.866753733,0.8841,1
P354Q,1.144832433,0.1768,1
R130L,1.0173534,0.4728,1
R15S,1.027893067,0.387,1
R130P,1.031579133,0.9134,1
M198I,1.059479,0.1821,1
Y176C,1.0679908,0.5603,
A126D,1.070029667,0.5325,
G44D,1.0959202,0.6232,
I135V,1.100015833,0.379,
M35V,1.111679333,0.3606,
N117S,1.117450667,0.4916,
K342N,1.1837358,1.072,
Y180H,1.192789733,0.1171,