variant,stability,Std. Error
K6E,0.6576,0.08227
K6I,0.9293,0.2585
R15S,1.028,0.2556
M35V,1.112,0.07086
P38H,0.8563,0.115
G44D,1.096,0.1648
A79T,0.8154,0.2164
D92N,0.9477,0.2165
H93Q,0.4891,0.1529
H93R,0.7906,0.09647
I101F,0.7644,0.2495
I101T,0.06904,0.0571
N117S,1.117,0.03691
H123Y,0.7103,0.3108
H123Q,0.7686,0.1809
C124S,0.9619,0.1303
C124R,0.6087,0.1263
A126D,1.07,0.2885
G127R,0.796,0.07587
G129R,0.4099,0.1303
G129E,0.9866,0.07512
R130L,1.017,0.06264
R130P,1.032,0.07322
R130Q,0.8923,0.1522
T131I,0.7669,0.1297
G132D,0.891657433,0.194490408
V133I,0.7439,0.07927
M134I,0.7348,0.05757
I135V,1.1,0.1951
Y138L,0.9327,0.2683
R142W,0.8303,0.1126
Y155C,0.2137,0.06918
T167N,0.7778,0.1882
Q171E,0.695,0.2327
R173H,0.2989,0.05065
Y176C,1.068,0.1171
Y180H,1.193,0.1593
M198I,1.059,0.04662
N262S,0.8187,0.03919
T232A,0.9371,0.1378
P246L,0.3124,0.1509
D268E,0.8665,0.2441
D326N,0.4816,0.09949
K342N,1.184,0.2737
P354Q,1.009,0.1789
T382S,0.03478,0.02348